Child ID,Item Type,Child Document
MASTER-19317,System Requirement,HAFP
MASTER-51534,System Requirement,HAFP
UTICA-6875,System Requirement,HAFP
MASTER-18038,System Requirement,HAFP
MASTER-18039,System Requirement,HAFP
MASTER-19393,System Requirement,HAFP
MASTER-19397,System Requirement,HAFP
MASTER-19400,System Requirement,HAFP
MASTER-19401,System Requirement,HAFP
MASTER-19403,System Requirement,HAFP
MASTER-19404,System Requirement,HAFP
MASTER-19418,System Requirement,HAFP
MASTER-19420,System Requirement,HAFP
MASTER-19462,System Requirement,HAFP
MASTER-50224,System Requirement,HAFP
MASTER-50225,System Requirement,HAFP
MASTER-50227,System Requirement,HAFP
MASTER-50228,System Requirement,HAFP
MASTER-50229,System Requirement,HAFP
MASTER-50230,System Requirement,HAFP
MASTER-51029,System Requirement,HAFP
MASTER-51030,System Requirement,HAFP
MASTER-51081,System Requirement,HAFP
MASTER-19655,System Requirement,HAFP
MASTER-19657,System Requirement,HAFP
MASTER-19662,System Requirement,HAFP
MASTER-19664,System Requirement,HAFP
MASTER-19666,System Requirement,HAFP
MASTER-19668,System Requirement,HAFP
MASTER-56285,System Requirement,HAFP
MASTER-56289,System Requirement,HAFP
UTICA-25680,System Requirement,HAFP
UTICA-25176,System Requirement,HAFP
UTICA-25179,System Requirement,HAFP
UTICA-25181,System Requirement,HAFP
UTICA-25963,System Requirement,HAFP
MASTER-19317,System Requirement,HAFQ
MASTER-51534,System Requirement,HAFQ
UTICA-6875,System Requirement,HAFQ
MASTER-56072,System Requirement,HAFQ
MASTER-56074,System Requirement,HAFQ
MASTER-19709,System Requirement,HAFQ
MASTER-19712,System Requirement,HAFQ
MASTER-19713,System Requirement,HAFQ
MASTER-19714,System Requirement,HAFQ
MASTER-19717,System Requirement,HAFQ
MASTER-19721,System Requirement,HAFQ
MASTER-19723,System Requirement,HAFQ
MASTER-51149,System Requirement,HAFQ
MASTER-19715,System Requirement,HAFQ
MASTER-56075,System Requirement,HAFQ
MASTER-18038,System Requirement,HAFQ
MASTER-18039,System Requirement,HAFQ
MASTER-19393,System Requirement,HAFQ
MASTER-19397,System Requirement,HAFQ
MASTER-19400,System Requirement,HAFQ
MASTER-19401,System Requirement,HAFQ
MASTER-19403,System Requirement,HAFQ
MASTER-19404,System Requirement,HAFQ
MASTER-19418,System Requirement,HAFQ
MASTER-19420,System Requirement,HAFQ
MASTER-19462,System Requirement,HAFQ
MASTER-19726,System Requirement,HAFQ
MASTER-50224,System Requirement,HAFQ
MASTER-50225,System Requirement,HAFQ
MASTER-50227,System Requirement,HAFQ
MASTER-50228,System Requirement,HAFQ
MASTER-50229,System Requirement,HAFQ
MASTER-50230,System Requirement,HAFQ
MASTER-51029,System Requirement,HAFQ
MASTER-51030,System Requirement,HAFQ
MASTER-51081,System Requirement,HAFQ
MASTER-56290,System Requirement,HAFQ
MASTER-56291,System Requirement,HAFQ
MASTER-56293,System Requirement,HAFQ
MASTER-19655,System Requirement,HAFQ
MASTER-19657,System Requirement,HAFQ
MASTER-19662,System Requirement,HAFQ
MASTER-19664,System Requirement,HAFQ
MASTER-19666,System Requirement,HAFQ
MASTER-19668,System Requirement,HAFQ
MASTER-56285,System Requirement,HAFQ
MASTER-56286,System Requirement,HAFQ
MASTER-56289,System Requirement,HAFQ
UTICA-25680,System Requirement,HAFQ
UTICA-25176,System Requirement,HAFQ
UTICA-25179,System Requirement,HAFQ
UTICA-25181,System Requirement,HAFQ
MASTER-19317,System Requirement,HAFS
UTICA-6875,System Requirement,HAFS
MASTER-18038,System Requirement,HAFS
MASTER-18039,System Requirement,HAFS
MASTER-19726,System Requirement,HAFS
UTICA-4772,System Requirement,HAFS
UTICA-4773,System Requirement,HAFS
MASTER-19317,System Requirement,HAFT
UTICA-6875,System Requirement,HAFT
MASTER-18038,System Requirement,HAFT
MASTER-18039,System Requirement,HAFT
MASTER-19726,System Requirement,HAFT
UTICA-25379,System Requirement,HAFT
UTICA-4175,System Requirement,HAFT
MASTER-19317,System Requirement,HAFU
UTICA-6875,System Requirement,HAFU
MASTER-18038,System Requirement,HAFU
MASTER-18039,System Requirement,HAFU
UTICA-3189,System Requirement,HAFU
MASTER-22160,System Requirement,Inspire
MASTER-22161,System Requirement,Inspire
MASTER-22162,System Requirement,Inspire
MASTER-22163,System Requirement,Inspire
MASTER-22164,System Requirement,Inspire
MASTER-22269,System Requirement,Inspire
MASTER-22272,System Requirement,Inspire
MASTER-22273,System Requirement,Inspire
MASTER-50259,System Requirement,Inspire
MASTER-50260,System Requirement,Inspire
MASTER-50261,System Requirement,Inspire
MASTER-50262,System Requirement,Inspire
MASTER-50263,System Requirement,Inspire
MASTER-50264,System Requirement,Inspire
MASTER-50265,System Requirement,Inspire
MASTER-50266,System Requirement,Inspire
MASTER-50267,System Requirement,Inspire
MASTER-50268,System Requirement,Inspire
MASTER-50269,System Requirement,Inspire
MASTER-51170,System Requirement,Inspire
MASTER-55719,System Requirement,Inspire
MASTER-55724,System Requirement,Inspire
MASTER-55726,System Requirement,Inspire
MASTER-55727,System Requirement,Inspire
MASTER-55728,System Requirement,Inspire
MASTER-55729,System Requirement,Inspire
MASTER-22148,System Requirement,Inspire
MASTER-22151,System Requirement,Inspire
MASTER-22270,System Requirement,Inspire
MASTER-22538,System Requirement,Inspire
UTICA-11927,System Requirement,Inspire
UTICA-24748,System Requirement,Inspire
UTICA-24749,System Requirement,Inspire
UTICA-25736,System Requirement,Inspire
UTICA-6195,System Requirement,Inspire
UTICA-6205,System Requirement,Inspire
UTICA-6206,System Requirement,Inspire
UTICA-9966,System Requirement,Inspire
UTICA-9967,System Requirement,Inspire
UTICA-9968,System Requirement,Inspire
UTICA-9969,System Requirement,Inspire
UTICA-10434,System Requirement,Inspire
UTICA-22634,System Requirement,Inspire
UTICA-24665,System Requirement,Inspire
UTICA-24747,System Requirement,Inspire
MASTER-20222,System Requirement,SyBTE
MASTER-20223,System Requirement,SyBTE
MASTER-20224,System Requirement,SyBTE
MASTER-20225,System Requirement,SyBTE
MASTER-20226,System Requirement,SyBTE
MASTER-20227,System Requirement,SyBTE
MASTER-20228,System Requirement,SyBTE
MASTER-20229,System Requirement,SyBTE
MASTER-20230,System Requirement,SyBTE
MASTER-20231,System Requirement,SyBTE
MASTER-20232,System Requirement,SyBTE
MASTER-20233,System Requirement,SyBTE
MASTER-20234,System Requirement,SyBTE
MASTER-17115,System Requirement,SyBTE
UTICA-2496,System Requirement,SyBTE
UTICA-156,System Requirement,SyBTE
UTICA-161,System Requirement,SyBTE
UTICA-163,System Requirement,SyBTE
MASTER-20222,System Requirement,SyCIC
MASTER-20223,System Requirement,SyCIC
MASTER-20224,System Requirement,SyCIC
MASTER-20225,System Requirement,SyCIC
MASTER-20226,System Requirement,SyCIC
MASTER-20227,System Requirement,SyCIC
MASTER-20228,System Requirement,SyCIC
MASTER-20229,System Requirement,SyCIC
MASTER-20230,System Requirement,SyCIC
MASTER-20231,System Requirement,SyCIC
MASTER-20232,System Requirement,SyCIC
MASTER-20233,System Requirement,SyCIC
MASTER-20234,System Requirement,SyCIC
MASTER-19750,System Requirement,SyCIC
MASTER-17278,System Requirement,SyCIC
UTICA-2518,System Requirement,SyCIC
UTICA-2464,System Requirement,SyCIC
UTICA-2498,System Requirement,SyCIC
UTICA-2475,System Requirement,SyCIC
MASTER-63409,System Requirement,Thrive
MASTER-63410,System Requirement,Thrive
UTICA-6793,System Requirement,Thrive
UTICA-11928,System Requirement,Thrive
UTICA-11929,System Requirement,Thrive
UTICA-25739,System Requirement,Thrive
UTICA-25740,System Requirement,Thrive
UTICA-25743,System Requirement,Thrive
UTICA-10908,System Requirement,Thrive
UTICA-10929,System Requirement,Thrive
UTICA-11931,System Requirement,Thrive
UTICA-24739,System Requirement,Thrive
UTICA-24740,System Requirement,Thrive
UTICA-24741,System Requirement,Thrive
UTICA-6217,System Requirement,Thrive
UTICA-6218,System Requirement,Thrive
